{
  "headers": [
    {
      "source": "/api/(.*)",
      "headers": [
        { "key": "Access-Control-Allow-Credentials", "value": "true" },
        { "key": "Access-Control-Allow-Origin", "value": "*" },
        { "key": "Access-Control-Allow-Methods", "value": "GET,OPTIONS,PATCH,DELETE,POST,PUT" },
        { "key": "Access-Control-Allow-Headers", "value": "X-CSRF-Token, X-Requested-With, Accept, Accept-Version, Content-Length, Content-MD5, Content-Type, Date, X-Api-Version, Authorization" }
      ]
    }
  ],
  "functions": {
    "api/**/*.ts": {
      "memory": 1024,
      "maxDuration": 60
    }
  },
  "crons": [
    {
      "path": "/api/cron/repriorizacao",
      "schedule": "0 */4 * * *"
    },
    {
      "path": "/api/cron/analise-mensal",
      "schedule": "0 0 1 * *"
    },
    {
      "path": "/api/cron/limpeza-notificacoes",
      "schedule": "0 0 * * 0"
    }
  ],
  "buildCommand": "npm run build",
  "outputDirectory": "dist",
  "framework": "vite"
}
